dimension,size,backend,sample_count,negative_samples,graph_seed,beta,gamma,mean_degree,quality_enabled,edge_file,generated_coordinates,root,backend_reported,mode,refine_negative_samples_reported,wall_time_ms,total_time_ms,initialization_ms,parameter_inference_ms,initial_positions_ms,refining_positions_ms,adjusting_kappas_ms,io_ms,objective,c_score,aligned_coord_corr
1,1000,cpu,exact,0,1001017,2.0,2.5,10.0,True,/n/holylabs/mweber_lab/Everyone/rjankowski/repo/d-mercator/benchmark_runs/66176271/benchmark/artifacts/d1_n1000_seed1001017/synthetic_sd_GC.edge,/n/holylabs/mweber_lab/Everyone/rjankowski/repo/d-mercator/benchmark_runs/66176271/benchmark/artifacts/d1_n1000_seed1001017/synthetic_sd.gen_coord,/n/holylabs/mweber_lab/Everyone/rjankowski/repo/d-mercator/benchmark_runs/66176271/benchmark/artifacts/d1_n1000_seed1001017/embed_cpu_exact,cpu,optimized,0,27736.58100143075,27718.039491,14.199241,1054.190731,60.675137,26539.290412,18.869269,30.794781,-10342.289976765054,0.9730752796885062,
1,1000,cpu,16,16,1001017,2.0,2.5,10.0,True,/n/holylabs/mweber_lab/Everyone/rjankowski/repo/d-mercator/benchmark_runs/66176271/benchmark/artifacts/d1_n1000_seed1001017/synthetic_sd_GC.edge,/n/holylabs/mweber_lab/Everyone/rjankowski/repo/d-mercator/benchmark_runs/66176271/benchmark/artifacts/d1_n1000_seed1001017/synthetic_sd.gen_coord,/n/holylabs/mweber_lab/Everyone/rjankowski/repo/d-mercator/benchmark_runs/66176271/benchmark/artifacts/d1_n1000_seed1001017/embed_cpu_16,cpu,optimized,16,2136.7833046242595,2114.420183,14.012923,1050.938246,60.923346,804.490758,177.139464,6.894326,-12587.689130685081,0.9732056706004601,
1,1000,cpu,64,64,1001017,2.0,2.5,10.0,True,/n/holylabs/mweber_lab/Everyone/rjankowski/repo/d-mercator/benchmark_runs/66176271/benchmark/artifacts/d1_n1000_seed1001017/synthetic_sd_GC.edge,/n/holylabs/mweber_lab/Everyone/rjankowski/repo/d-mercator/benchmark_runs/66176271/benchmark/artifacts/d1_n1000_seed1001017/synthetic_sd.gen_coord,/n/holylabs/mweber_lab/Everyone/rjankowski/repo/d-mercator/benchmark_runs/66176271/benchmark/artifacts/d1_n1000_seed1001017/embed_cpu_64,cpu,optimized,64,3291.4202101528645,3276.70679,13.877033,1051.595834,60.566327,2078.422757,39.34575,32.87877,-13748.125090568521,0.9714484023101257,
1,1000,cpu,256,256,1001017,2.0,2.5,10.0,True,/n/holylabs/mweber_lab/Everyone/rjankowski/repo/d-mercator/benchmark_runs/66176271/benchmark/artifacts/d1_n1000_seed1001017/synthetic_sd_GC.edge,/n/holylabs/mweber_lab/Everyone/rjankowski/repo/d-mercator/benchmark_runs/66176271/benchmark/artifacts/d1_n1000_seed1001017/synthetic_sd.gen_coord,/n/holylabs/mweber_lab/Everyone/rjankowski/repo/d-mercator/benchmark_runs/66176271/benchmark/artifacts/d1_n1000_seed1001017/embed_cpu_256,cpu,optimized,256,8426.84118077159,8408.141311,13.943163,1051.890002,61.098314,7227.630521,28.242274,25.317867,-11648.338812105674,0.9733099833300234,
1,1000,gpu,exact,0,1001017,2.0,2.5,10.0,True,/n/holylabs/mweber_lab/Everyone/rjankowski/repo/d-mercator/benchmark_runs/66176271/benchmark/artifacts/d1_n1000_seed1001017/synthetic_sd_GC.edge,/n/holylabs/mweber_lab/Everyone/rjankowski/repo/d-mercator/benchmark_runs/66176271/benchmark/artifacts/d1_n1000_seed1001017/synthetic_sd.gen_coord,/n/holylabs/mweber_lab/Everyone/rjankowski/repo/d-mercator/benchmark_runs/66176271/benchmark/artifacts/d1_n1000_seed1001017/embed_gpu_exact,cuda,optimized,0,2774.0766629576683,2590.931518,995.638714,1051.319815,55.74586,475.205982,4.598508,8.4012,-10342.289976765054,0.9730752796885062,
1,1000,gpu,16,16,1001017,2.0,2.5,10.0,True,/n/holylabs/mweber_lab/Everyone/rjankowski/repo/d-mercator/benchmark_runs/66176271/benchmark/artifacts/d1_n1000_seed1001017/synthetic_sd_GC.edge,/n/holylabs/mweber_lab/Everyone/rjankowski/repo/d-mercator/benchmark_runs/66176271/benchmark/artifacts/d1_n1000_seed1001017/synthetic_sd.gen_coord,/n/holylabs/mweber_lab/Everyone/rjankowski/repo/d-mercator/benchmark_runs/66176271/benchmark/artifacts/d1_n1000_seed1001017/embed_gpu_16,cuda,optimized,16,2217.836892232299,2049.269628,795.561073,1051.734862,55.602361,97.080471,40.991622,8.27806,-12587.689130685081,0.9732056706004601,
1,1000,gpu,64,64,1001017,2.0,2.5,10.0,True,/n/holylabs/mweber_lab/Everyone/rjankowski/repo/d-mercator/benchmark_runs/66176271/benchmark/artifacts/d1_n1000_seed1001017/synthetic_sd_GC.edge,/n/holylabs/mweber_lab/Everyone/rjankowski/repo/d-mercator/benchmark_runs/66176271/benchmark/artifacts/d1_n1000_seed1001017/synthetic_sd.gen_coord,/n/holylabs/mweber_lab/Everyone/rjankowski/repo/d-mercator/benchmark_runs/66176271/benchmark/artifacts/d1_n1000_seed1001017/embed_gpu_64,cuda,optimized,64,2116.45985301584,1948.442956,727.187873,1052.437179,55.749641,96.020165,9.181856,7.845552,-13748.125090568521,0.9714484023101257,
1,1000,gpu,256,256,1001017,2.0,2.5,10.0,True,/n/holylabs/mweber_lab/Everyone/rjankowski/repo/d-mercator/benchmark_runs/66176271/benchmark/artifacts/d1_n1000_seed1001017/synthetic_sd_GC.edge,/n/holylabs/mweber_lab/Everyone/rjankowski/repo/d-mercator/benchmark_runs/66176271/benchmark/artifacts/d1_n1000_seed1001017/synthetic_sd.gen_coord,/n/holylabs/mweber_lab/Everyone/rjankowski/repo/d-mercator/benchmark_runs/66176271/benchmark/artifacts/d1_n1000_seed1001017/embed_gpu_256,cuda,optimized,256,2115.9631544724107,1942.933092,716.840232,1053.032247,55.661211,98.749602,6.579978,12.051752,-11648.338812105674,0.9733099833300234,
1,2000,cpu,exact,0,1002017,2.0,2.5,10.0,True,/n/holylabs/mweber_lab/Everyone/rjankowski/repo/d-mercator/benchmark_runs/66176271/benchmark/artifacts/d1_n2000_seed1002017/synthetic_sd_GC.edge,/n/holylabs/mweber_lab/Everyone/rjankowski/repo/d-mercator/benchmark_runs/66176271/benchmark/artifacts/d1_n2000_seed1002017/synthetic_sd.gen_coord,/n/holylabs/mweber_lab/Everyone/rjankowski/repo/d-mercator/benchmark_runs/66176271/benchmark/artifacts/d1_n2000_seed1002017/embed_cpu_exact,cpu,optimized,0,116428.9887053892,116417.463952,26.133774,1360.1992,184.506507,114706.915186,86.618021,53.069533,-23133.318742169966,0.972116833909523,
1,2000,cpu,16,16,1002017,2.0,2.5,10.0,True,/n/holylabs/mweber_lab/Everyone/rjankowski/repo/d-mercator/benchmark_runs/66176271/benchmark/artifacts/d1_n2000_seed1002017/synthetic_sd_GC.edge,/n/holylabs/mweber_lab/Everyone/rjankowski/repo/d-mercator/benchmark_runs/66176271/benchmark/artifacts/d1_n2000_seed1002017/synthetic_sd.gen_coord,/n/holylabs/mweber_lab/Everyone/rjankowski/repo/d-mercator/benchmark_runs/66176271/benchmark/artifacts/d1_n2000_seed1002017/embed_cpu_16,cpu,optimized,16,3590.8351307734847,3572.62604,25.949854,1358.790247,184.658677,1700.473455,290.172676,12.557599,-30363.364295536056,0.9705860091438459,
1,2000,cpu,64,64,1002017,2.0,2.5,10.0,True,/n/holylabs/mweber_lab/Everyone/rjankowski/repo/d-mercator/benchmark_runs/66176271/benchmark/artifacts/d1_n2000_seed1002017/synthetic_sd_GC.edge,/n/holylabs/mweber_lab/Everyone/rjankowski/repo/d-mercator/benchmark_runs/66176271/benchmark/artifacts/d1_n2000_seed1002017/synthetic_sd.gen_coord,/n/holylabs/mweber_lab/Everyone/rjankowski/repo/d-mercator/benchmark_runs/66176271/benchmark/artifacts/d1_n2000_seed1002017/embed_cpu_64,cpu,optimized,64,6226.236373186111,6212.496721,26.323693,1358.659248,184.06558,4460.513005,161.33999,21.572615,-28605.5994925131,0.9713930254741472,
1,2000,cpu,256,256,1002017,2.0,2.5,10.0,True,/n/holylabs/mweber_lab/Everyone/rjankowski/repo/d-mercator/benchmark_runs/66176271/benchmark/artifacts/d1_n2000_seed1002017/synthetic_sd_GC.edge,/n/holylabs/mweber_lab/Everyone/rjankowski/repo/d-mercator/benchmark_runs/66176271/benchmark/artifacts/d1_n2000_seed1002017/synthetic_sd.gen_coord,/n/holylabs/mweber_lab/Everyone/rjankowski/repo/d-mercator/benchmark_runs/66176271/benchmark/artifacts/d1_n2000_seed1002017/embed_cpu_256,cpu,optimized,256,17421.016255393624,17398.174666,25.998434,1358.4229,184.003809,15634.302877,172.068248,23.356557,-30989.600444855245,0.9723043022992948,
1,2000,gpu,exact,0,1002017,2.0,2.5,10.0,True,/n/holylabs/mweber_lab/Everyone/rjankowski/repo/d-mercator/benchmark_runs/66176271/benchmark/artifacts/d1_n2000_seed1002017/synthetic_sd_GC.edge,/n/holylabs/mweber_lab/Everyone/rjankowski/repo/d-mercator/benchmark_runs/66176271/benchmark/artifacts/d1_n2000_seed1002017/synthetic_sd.gen_coord,/n/holylabs/mweber_lab/Everyone/rjankowski/repo/d-mercator/benchmark_runs/66176271/benchmark/artifacts/d1_n2000_seed1002017/embed_gpu_exact,cuda,optimized,0,2991.8748289346695,2747.284772,1016.957972,1358.973347,148.378623,196.569489,10.146711,16.237231,-23133.318742169966,0.972116833909523,
1,2000,gpu,16,16,1002017,2.0,2.5,10.0,True,/n/holylabs/mweber_lab/Everyone/rjankowski/repo/d-mercator/benchmark_runs/66176271/benchmark/artifacts/d1_n2000_seed1002017/synthetic_sd_GC.edge,/n/holylabs/mweber_lab/Everyone/rjankowski/repo/d-mercator/benchmark_runs/66176271/benchmark/artifacts/d1_n2000_seed1002017/synthetic_sd.gen_coord,/n/holylabs/mweber_lab/Everyone/rjankowski/repo/d-mercator/benchmark_runs/66176271/benchmark/artifacts/d1_n2000_seed1002017/embed_gpu_16,cuda,optimized,16,2601.355637423694,2431.960007,724.245227,1360.070931,147.036449,158.508233,34.078915,7.995871,-30363.364295536056,0.9705860091438459,
1,2000,gpu,64,64,1002017,2.0,2.5,10.0,True,/n/holylabs/mweber_lab/Everyone/rjankowski/repo/d-mercator/benchmark_runs/66176271/benchmark/artifacts/d1_n2000_seed1002017/synthetic_sd_GC.edge,/n/holylabs/mweber_lab/Everyone/rjankowski/repo/d-mercator/benchmark_runs/66176271/benchmark/artifacts/d1_n2000_seed1002017/synthetic_sd.gen_coord,/n/holylabs/mweber_lab/Everyone/rjankowski/repo/d-mercator/benchmark_runs/66176271/benchmark/artifacts/d1_n2000_seed1002017/embed_gpu_64,cuda,optimized,64,2614.3036354333162,2438.117197,717.772678,1385.453849,148.090963,160.073326,18.948519,7.755973,-28605.5994925131,0.9713930254741472,
1,2000,gpu,256,256,1002017,2.0,2.5,10.0,True,/n/holylabs/mweber_lab/Everyone/rjankowski/repo/d-mercator/benchmark_runs/66176271/benchmark/artifacts/d1_n2000_seed1002017/synthetic_sd_GC.edge,/n/holylabs/mweber_lab/Everyone/rjankowski/repo/d-mercator/benchmark_runs/66176271/benchmark/artifacts/d1_n2000_seed1002017/synthetic_sd.gen_coord,/n/holylabs/mweber_lab/Everyone/rjankowski/repo/d-mercator/benchmark_runs/66176271/benchmark/artifacts/d1_n2000_seed1002017/embed_gpu_256,cuda,optimized,256,2596.597741357982,2423.00438,718.984412,1362.783779,147.549146,162.435524,20.211733,11.017366,-30989.600444855245,0.9723043022992948,
1,5000,cpu,exact,0,1005017,2.0,2.5,10.0,True,/n/holylabs/mweber_lab/Everyone/rjankowski/repo/d-mercator/benchmark_runs/66176271/benchmark/artifacts/d1_n5000_seed1005017/synthetic_sd_GC.edge,/n/holylabs/mweber_lab/Everyone/rjankowski/repo/d-mercator/benchmark_runs/66176271/benchmark/artifacts/d1_n5000_seed1005017/synthetic_sd.gen_coord,/n/holylabs/mweber_lab/Everyone/rjankowski/repo/d-mercator/benchmark_runs/66176271/benchmark/artifacts/d1_n5000_seed1005017/embed_cpu_exact,cpu,optimized,0,799036.5233458579,799009.602705,114.373637,2153.502824,676.07993,795081.84361,913.746766,70.033398,-71083.06459336374,0.986239344707677,
1,5000,cpu,16,16,1005017,2.0,2.5,10.0,True,/n/holylabs/mweber_lab/Everyone/rjankowski/repo/d-mercator/benchmark_runs/66176271/benchmark/artifacts/d1_n5000_seed1005017/synthetic_sd_GC.edge,/n/holylabs/mweber_lab/Everyone/rjankowski/repo/d-mercator/benchmark_runs/66176271/benchmark/artifacts/d1_n5000_seed1005017/synthetic_sd.gen_coord,/n/holylabs/mweber_lab/Everyone/rjankowski/repo/d-mercator/benchmark_runs/66176271/benchmark/artifacts/d1_n5000_seed1005017/embed_cpu_16,cpu,optimized,16,41282.16303419322,41251.047231,113.555591,2152.842911,675.203017,4861.550793,33417.567654,30.303646,-98657.44177501908,0.9852794888709635,
1,5000,cpu,64,64,1005017,2.0,2.5,10.0,True,/n/holylabs/mweber_lab/Everyone/rjankowski/repo/d-mercator/benchmark_runs/66176271/benchmark/artifacts/d1_n5000_seed1005017/synthetic_sd_GC.edge,/n/holylabs/mweber_lab/Everyone/rjankowski/repo/d-mercator/benchmark_runs/66176271/benchmark/artifacts/d1_n5000_seed1005017/synthetic_sd.gen_coord,/n/holylabs/mweber_lab/Everyone/rjankowski/repo/d-mercator/benchmark_runs/66176271/benchmark/artifacts/d1_n5000_seed1005017/embed_cpu_64,cpu,optimized,64,26782.151913270354,26755.124141,113.768961,2152.73228,675.760776,12515.995362,11238.61824,58.228003,-96776.66580896972,0.9853608176617317,
1,5000,cpu,256,256,1005017,2.0,2.5,10.0,True,/n/holylabs/mweber_lab/Everyone/rjankowski/repo/d-mercator/benchmark_runs/66176271/benchmark/artifacts/d1_n5000_seed1005017/synthetic_sd_GC.edge,/n/holylabs/mweber_lab/Everyone/rjankowski/repo/d-mercator/benchmark_runs/66176271/benchmark/artifacts/d1_n5000_seed1005017/synthetic_sd.gen_coord,/n/holylabs/mweber_lab/Everyone/rjankowski/repo/d-mercator/benchmark_runs/66176271/benchmark/artifacts/d1_n5000_seed1005017/embed_cpu_256,cpu,optimized,256,49220.52433621138,49197.042487,114.079439,2155.876366,677.852175,43630.302707,2583.157149,35.749651,-105344.56069944253,0.9860156104850422,
1,5000,gpu,exact,0,1005017,2.0,2.5,10.0,True,/n/holylabs/mweber_lab/Everyone/rjankowski/repo/d-mercator/benchmark_runs/66176271/benchmark/artifacts/d1_n5000_seed1005017/synthetic_sd_GC.edge,/n/holylabs/mweber_lab/Everyone/rjankowski/repo/d-mercator/benchmark_runs/66176271/benchmark/artifacts/d1_n5000_seed1005017/synthetic_sd.gen_coord,/n/holylabs/mweber_lab/Everyone/rjankowski/repo/d-mercator/benchmark_runs/66176271/benchmark/artifacts/d1_n5000_seed1005017/embed_gpu_exact,cuda,optimized,0,4732.828653417528,4547.811312,1096.039652,2154.078374,581.506823,647.475539,40.803366,27.887278,-71083.06459336374,0.986239344707677,
1,5000,gpu,16,16,1005017,2.0,2.5,10.0,True,/n/holylabs/mweber_lab/Everyone/rjankowski/repo/d-mercator/benchmark_runs/66176271/benchmark/artifacts/d1_n5000_seed1005017/synthetic_sd_GC.edge,/n/holylabs/mweber_lab/Everyone/rjankowski/repo/d-mercator/benchmark_runs/66176271/benchmark/artifacts/d1_n5000_seed1005017/synthetic_sd.gen_coord,/n/holylabs/mweber_lab/Everyone/rjankowski/repo/d-mercator/benchmark_runs/66176271/benchmark/artifacts/d1_n5000_seed1005017/embed_gpu_16,cuda,optimized,16,5706.759864464402,5526.889748,804.186756,2156.769152,585.923112,360.377591,1551.73901,67.867978,-98657.35018694837,0.9852794888709635,
1,5000,gpu,64,64,1005017,2.0,2.5,10.0,True,/n/holylabs/mweber_lab/Everyone/rjankowski/repo/d-mercator/benchmark_runs/66176271/benchmark/artifacts/d1_n5000_seed1005017/synthetic_sd_GC.edge,/n/holylabs/mweber_lab/Everyone/rjankowski/repo/d-mercator/benchmark_runs/66176271/benchmark/artifacts/d1_n5000_seed1005017/synthetic_sd.gen_coord,/n/holylabs/mweber_lab/Everyone/rjankowski/repo/d-mercator/benchmark_runs/66176271/benchmark/artifacts/d1_n5000_seed1005017/embed_gpu_64,cuda,optimized,64,5469.51877977699,5284.801136,807.714459,2154.394252,578.514377,362.54893,1351.68308,29.926068,-96776.59446399218,0.9853608176617317,
1,5000,gpu,256,256,1005017,2.0,2.5,10.0,True,/n/holylabs/mweber_lab/Everyone/rjankowski/repo/d-mercator/benchmark_runs/66176271/benchmark/artifacts/d1_n5000_seed1005017/synthetic_sd_GC.edge,/n/holylabs/mweber_lab/Everyone/rjankowski/repo/d-mercator/benchmark_runs/66176271/benchmark/artifacts/d1_n5000_seed1005017/synthetic_sd.gen_coord,/n/holylabs/mweber_lab/Everyone/rjankowski/repo/d-mercator/benchmark_runs/66176271/benchmark/artifacts/d1_n5000_seed1005017/embed_gpu_256,cuda,optimized,256,4215.8646350726485,4041.502533,795.501918,2155.158798,579.022914,368.9381,119.159065,23.699718,-105344.56069944253,0.9860156104850422,
1,10000,cpu,exact,0,1010017,2.0,2.5,10.0,True,/n/holylabs/mweber_lab/Everyone/rjankowski/repo/d-mercator/benchmark_runs/66176271/benchmark/artifacts/d1_n10000_seed1010017/synthetic_sd_GC.edge,/n/holylabs/mweber_lab/Everyone/rjankowski/repo/d-mercator/benchmark_runs/66176271/benchmark/artifacts/d1_n10000_seed1010017/synthetic_sd.gen_coord,/n/holylabs/mweber_lab/Everyone/rjankowski/repo/d-mercator/benchmark_runs/66176271/benchmark/artifacts/d1_n10000_seed1010017/embed_cpu_exact,cpu,optimized,0,3440931.4201120287,3440884.384124,484.866161,3022.193637,1988.817298,3431823.652571,3490.960437,73.873302,-164138.85263692873,0.9918687087634603,
1,10000,cpu,16,16,1010017,2.0,2.5,10.0,True,/n/holylabs/mweber_lab/Everyone/rjankowski/repo/d-mercator/benchmark_runs/66176271/benchmark/artifacts/d1_n10000_seed1010017/synthetic_sd_GC.edge,/n/holylabs/mweber_lab/Everyone/rjankowski/repo/d-mercator/benchmark_runs/66176271/benchmark/artifacts/d1_n10000_seed1010017/synthetic_sd.gen_coord,/n/holylabs/mweber_lab/Everyone/rjankowski/repo/d-mercator/benchmark_runs/66176271/benchmark/artifacts/d1_n10000_seed1010017/embed_cpu_16,cpu,optimized,16,150628.68702877313,150591.858452,480.721558,3020.630199,1987.673059,10650.778798,134377.153872,74.878296,-259275.61617245973,0.9912006330712282,
1,10000,cpu,64,64,1010017,2.0,2.5,10.0,True,/n/holylabs/mweber_lab/Everyone/rjankowski/repo/d-mercator/benchmark_runs/66176271/benchmark/artifacts/d1_n10000_seed1010017/synthetic_sd_GC.edge,/n/holylabs/mweber_lab/Everyone/rjankowski/repo/d-mercator/benchmark_runs/66176271/benchmark/artifacts/d1_n10000_seed1010017/synthetic_sd.gen_coord,/n/holylabs/mweber_lab/Everyone/rjankowski/repo/d-mercator/benchmark_runs/66176271/benchmark/artifacts/d1_n10000_seed1010017/embed_cpu_64,cpu,optimized,64,167025.27061104774,166981.289831,485.213848,3021.811783,1984.613133,27210.089332,134218.594568,60.947188,-256095.2850119904,0.9912071280009933,
1,10000,cpu,256,256,1010017,2.0,2.5,10.0,True,/n/holylabs/mweber_lab/Everyone/rjankowski/repo/d-mercator/benchmark_runs/66176271/benchmark/artifacts/d1_n10000_seed1010017/synthetic_sd_GC.edge,/n/holylabs/mweber_lab/Everyone/rjankowski/repo/d-mercator/benchmark_runs/66176271/benchmark/artifacts/d1_n10000_seed1010017/synthetic_sd.gen_coord,/n/holylabs/mweber_lab/Everyone/rjankowski/repo/d-mercator/benchmark_runs/66176271/benchmark/artifacts/d1_n10000_seed1010017/embed_cpu_256,cpu,optimized,256,127845.20572889596,127798.812181,485.16328,3023.035327,1985.434665,94549.359027,27685.551581,70.247481,-251056.73521976493,0.991365311614502,
1,10000,gpu,exact,0,1010017,2.0,2.5,10.0,True,/n/holylabs/mweber_lab/Everyone/rjankowski/repo/d-mercator/benchmark_runs/66176271/benchmark/artifacts/d1_n10000_seed1010017/synthetic_sd_GC.edge,/n/holylabs/mweber_lab/Everyone/rjankowski/repo/d-mercator/benchmark_runs/66176271/benchmark/artifacts/d1_n10000_seed1010017/synthetic_sd.gen_coord,/n/holylabs/mweber_lab/Everyone/rjankowski/repo/d-mercator/benchmark_runs/66176271/benchmark/artifacts/d1_n10000_seed1010017/embed_gpu_exact,cuda,optimized,0,8379.378225654364,8166.217804,1494.689918,3026.308173,1631.033716,1848.495789,81.103716,84.563111,-164138.85263692873,0.9918687087634603,
1,10000,gpu,16,16,1010017,2.0,2.5,10.0,True,/n/holylabs/mweber_lab/Everyone/rjankowski/repo/d-mercator/benchmark_runs/66176271/benchmark/artifacts/d1_n10000_seed1010017/synthetic_sd_GC.edge,/n/holylabs/mweber_lab/Everyone/rjankowski/repo/d-mercator/benchmark_runs/66176271/benchmark/artifacts/d1_n10000_seed1010017/synthetic_sd.gen_coord,/n/holylabs/mweber_lab/Everyone/rjankowski/repo/d-mercator/benchmark_runs/66176271/benchmark/artifacts/d1_n10000_seed1010017/embed_gpu_16,cuda,optimized,16,10323.557469062507,10132.06141,1603.42007,3022.598219,1632.904998,710.385591,3117.984716,44.745775,-259286.44096914472,0.9912006330712282,
1,10000,gpu,64,64,1010017,2.0,2.5,10.0,True,/n/holylabs/mweber_lab/Everyone/rjankowski/repo/d-mercator/benchmark_runs/66176271/benchmark/artifacts/d1_n10000_seed1010017/synthetic_sd_GC.edge,/n/holylabs/mweber_lab/Everyone/rjankowski/repo/d-mercator/benchmark_runs/66176271/benchmark/artifacts/d1_n10000_seed1010017/synthetic_sd.gen_coord,/n/holylabs/mweber_lab/Everyone/rjankowski/repo/d-mercator/benchmark_runs/66176271/benchmark/artifacts/d1_n10000_seed1010017/embed_gpu_64,cuda,optimized,64,10231.365390121937,10023.646406,1489.037341,3024.582461,1632.658639,713.605828,3117.194349,46.544428,-256095.28497604193,0.9912071280009933,
1,10000,gpu,256,256,1010017,2.0,2.5,10.0,True,/n/holylabs/mweber_lab/Everyone/rjankowski/repo/d-mercator/benchmark_runs/66176271/benchmark/artifacts/d1_n10000_seed1010017/synthetic_sd_GC.edge,/n/holylabs/mweber_lab/Everyone/rjankowski/repo/d-mercator/benchmark_runs/66176271/benchmark/artifacts/d1_n10000_seed1010017/synthetic_sd.gen_coord,/n/holylabs/mweber_lab/Everyone/rjankowski/repo/d-mercator/benchmark_runs/66176271/benchmark/artifacts/d1_n10000_seed1010017/embed_gpu_256,cuda,optimized,256,7763.609672896564,7572.448821,1509.084369,3019.180973,1630.343109,726.215246,642.165182,45.437653,-251056.73521976493,0.991365311614502,
